{
  "precision": 0.9405052974735126,
  "recall": 0.7693333333333333,
  "f1": 0.8463513017968464,
  "accuracy": 0.8603333333333333,
  "yes_proportion": 0.409,
  "unknown_proportion": 0.0,
  "true_pos": 1154,
  "true_neg": 1427,
  "false_pos": 73,
  "false_neg": 346,
  "total": 3000
}